name,datetime,tempmax,tempmin,temp,feelslikemax,feelslikemin,feelslike,dew,humidity,precip,precipprob,precipcover,preciptype,snow,snowdepth,windgust,windspeed,winddir,sealevelpressure,cloudcover,visibility,solarradiation,solarenergy,uvindex,severerisk,sunrise,sunset,moonphase,conditions,description,icon,stations
"New York, NY, United States",2020-04-12,61.9,44,53.4,61.9,42.9,53.1,31.8,44.8,0,0,0,,0,0,24.6,13,148.5,1020.1,32.6,9.9,203.4,17.6,8,,2020-04-12T06:21:03,2020-04-12T19:32:56,0.65,Partially cloudy,Partly cloudy throughout the day.,partly-cloudy-day,"72505394728,KEWR,KLGA,72502014734,KNYC,F1417,72503014732"
"New York, NY, United States",2020-04-13,66.9,53.7,58.9,66.9,53.7,58.9,54,84.9,1.827,100,75,rain,0,0,43.5,28.2,184.2,1007.1,76.8,5.5,21.7,1.7,1,,2020-04-13T06:19:30,2020-04-13T19:33:59,0.69,"Rain, Partially cloudy",Partly cloudy throughout the day with a chance of rain throughout the day.,rain,"72505394728,KEWR,C9476,KLGA,72502014734,KNYC,F1417,72503014732"
"New York, NY, United States",2020-04-14,59.3,47.2,52.5,59.3,42.5,51.1,30.2,43.3,0,0,0,,0,0,34.4,16.9,281.4,1015.8,36,9.9,218.4,19,8,,2020-04-14T06:17:58,2020-04-14T19:35:02,0.75,Partially cloudy,Partly cloudy throughout the day.,partly-cloudy-day,"72505394728,KEWR,KLGA,72502014734,KNYC,F1417,72503014732"
"New York, NY, United States",2020-04-15,52.2,42.4,47.6,52.2,34.9,44.7,21.3,38.2,0,0,0,,0,0,27.7,15.1,291.6,1014.2,44.7,9.9,275.9,24,10,,2020-04-15T06:16:27,2020-04-15T19:36:05,0.75,Partially cloudy,Partly cloudy throughout the day.,partly-cloudy-day,"72505394728,KEWR,KLGA,72502014734,KNYC,F1417,72503014732"
"New York, NY, United States",2020-04-16,47.5,39.4,44.8,43.4,31.7,38.8,19.1,37.3,0,0,0,,0,0,31.1,18.7,283.2,1018.2,61.9,9.9,230.8,20.1,9,,2020-04-16T06:14:56,2020-04-16T19:37:08,0.79,Partially cloudy,Partly cloudy throughout the day.,partly-cloudy-day,"72505394728,KEWR,KLGA,72502014734,KNYC,F1417,72503014732"
"New York, NY, United States",2020-04-17,50,37,42.9,45.6,30.5,38.8,22.9,47.2,0.011,100,8.33,rain,0,0,27,11.8,259,1022.3,39.8,9.8,195.3,16.8,8,,2020-04-17T06:13:26,2020-04-17T19:38:10,0.82,"Rain, Partially cloudy",Becoming cloudy in the afternoon with late afternoon rain.,rain,"72505394728,KEWR,KLGA,72502014734,KNYC,F1417,72503014732"
"New York, NY, United States",2020-04-18,46.1,41.7,44,45,36,39.8,36.7,77,0.269,100,50,rain,0,0,28,13.8,1.7,1009.4,77.3,7.7,56,4.8,2,,2020-04-18T06:11:56,2020-04-18T19:39:13,0.85,"Rain, Partially cloudy",Partly cloudy throughout the day with a chance of rain throughout the day.,rain,"72505394728,KEWR,KLGA,72502014734,KNYC,F1417,72503014732"
